,Cys32,Cys92,Cys121,Cys215,Cys226,Cys231,Cys324,Cys344,Cys414,Cys426
PF001,0,0,0,0,0,0,0,0,0,0
PF002,1,0,0,0,0,0,0,0,0,0
PF003,0,1,0,0,0,0,0,0,0,0
PF004,0,0,1,0,0,0,0,0,0,0
PF005,0,0,0,1,0,0,0,0,0,0
PF006,0,0,0,0,1,0,0,0,0,0
PF007,0,0,0,0,0,1,0,0,0,0
PF008,0,0,0,0,0,0,1,0,0,0
PF009,0,0,0,0,0,0,0,1,0,0
PF010,0,0,0,0,0,0,0,0,1,0
PF011,0,0,0,0,0,0,0,0,0,1
PF012,1,1,0,0,0,0,0,0,0,0
PF013,1,0,1,0,0,0,0,0,0,0
PF014,1,0,0,1,0,0,0,0,0,0
PF015,1,0,0,0,1,0,0,0,0,0
PF016,1,0,0,0,0,1,0,0,0,0
PF017,1,0,0,0,0,0,1,0,0,0
PF018,1,0,0,0,0,0,0,1,0,0
PF019,1,0,0,0,0,0,0,0,1,0
PF020,1,0,0,0,0,0,0,0,0,1
PF021,0,1,1,0,0,0,0,0,0,0
PF022,0,1,0,1,0,0,0,0,0,0
PF023,0,1,0,0,1,0,0,0,0,0
PF024,0,1,0,0,0,1,0,0,0,0
PF025,0,1,0,0,0,0,1,0,0,0
PF026,0,1,0,0,0,0,0,1,0,0
PF027,0,1,0,0,0,0,0,0,1,0
PF028,0,1,0,0,0,0,0,0,0,1
PF029,0,0,1,1,0,0,0,0,0,0
PF030,0,0,1,0,1,0,0,0,0,0
PF031,0,0,1,0,0,1,0,0,0,0
PF032,0,0,1,0,0,0,1,0,0,0
PF033,0,0,1,0,0,0,0,1,0,0
PF034,0,0,1,0,0,0,0,0,1,0
PF035,0,0,1,0,0,0,0,0,0,1
PF036,0,0,0,1,1,0,0,0,0,0
PF037,0,0,0,1,0,1,0,0,0,0
PF038,0,0,0,1,0,0,1,0,0,0
PF039,0,0,0,1,0,0,0,1,0,0
PF040,0,0,0,1,0,0,0,0,1,0
PF041,0,0,0,1,0,0,0,0,0,1
PF042,0,0,0,0,1,1,0,0,0,0
PF043,0,0,0,0,1,0,1,0,0,0
PF044,0,0,0,0,1,0,0,1,0,0
PF045,0,0,0,0,1,0,0,0,1,0
PF046,0,0,0,0,1,0,0,0,0,1
PF047,0,0,0,0,0,1,1,0,0,0
PF048,0,0,0,0,0,1,0,1,0,0
PF049,0,0,0,0,0,1,0,0,1,0
PF050,0,0,0,0,0,1,0,0,0,1
PF051,0,0,0,0,0,0,1,1,0,0
PF052,0,0,0,0,0,0,1,0,1,0
PF053,0,0,0,0,0,0,1,0,0,1
PF054,0,0,0,0,0,0,0,1,1,0
PF055,0,0,0,0,0,0,0,1,0,1
PF056,0,0,0,0,0,0,0,0,1,1
PF057,1,1,1,0,0,0,0,0,0,0
PF058,1,1,0,1,0,0,0,0,0,0
PF059,1,1,0,0,1,0,0,0,0,0
PF060,1,1,0,0,0,1,0,0,0,0
PF061,1,1,0,0,0,0,1,0,0,0
PF062,1,1,0,0,0,0,0,1,0,0
PF063,1,1,0,0,0,0,0,0,1,0
PF064,1,1,0,0,0,0,0,0,0,1
PF065,1,0,1,1,0,0,0,0,0,0
PF066,1,0,1,0,1,0,0,0,0,0
PF067,1,0,1,0,0,1,0,0,0,0
PF068,1,0,1,0,0,0,1,0,0,0
PF069,1,0,1,0,0,0,0,1,0,0
PF070,1,0,1,0,0,0,0,0,1,0
PF071,1,0,1,0,0,0,0,0,0,1
PF072,1,0,0,1,1,0,0,0,0,0
PF073,1,0,0,1,0,1,0,0,0,0
PF074,1,0,0,1,0,0,1,0,0,0
PF075,1,0,0,1,0,0,0,1,0,0
PF076,1,0,0,1,0,0,0,0,1,0
PF077,1,0,0,1,0,0,0,0,0,1
PF078,1,0,0,0,1,1,0,0,0,0
PF079,1,0,0,0,1,0,1,0,0,0
PF080,1,0,0,0,1,0,0,1,0,0
PF081,1,0,0,0,1,0,0,0,1,0
PF082,1,0,0,0,1,0,0,0,0,1
PF083,1,0,0,0,0,1,1,0,0,0
PF084,1,0,0,0,0,1,0,1,0,0
PF085,1,0,0,0,0,1,0,0,1,0
PF086,1,0,0,0,0,1,0,0,0,1
PF087,1,0,0,0,0,0,1,1,0,0
PF088,1,0,0,0,0,0,1,0,1,0
PF089,1,0,0,0,0,0,1,0,0,1
PF090,1,0,0,0,0,0,0,1,1,0
PF091,1,0,0,0,0,0,0,1,0,1
PF092,1,0,0,0,0,0,0,0,1,1
PF093,0,1,1,1,0,0,0,0,0,0
PF094,0,1,1,0,1,0,0,0,0,0
PF095,0,1,1,0,0,1,0,0,0,0
PF096,0,1,1,0,0,0,1,0,0,0
PF097,0,1,1,0,0,0,0,1,0,0
PF098,0,1,1,0,0,0,0,0,1,0
PF099,0,1,1,0,0,0,0,0,0,1
PF100,0,1,0,1,1,0,0,0,0,0
PF101,0,1,0,1,0,1,0,0,0,0
PF102,0,1,0,1,0,0,1,0,0,0
PF103,0,1,0,1,0,0,0,1,0,0
PF104,0,1,0,1,0,0,0,0,1,0
PF105,0,1,0,1,0,0,0,0,0,1
PF106,0,1,0,0,1,1,0,0,0,0
PF107,0,1,0,0,1,0,1,0,0,0
PF108,0,1,0,0,1,0,0,1,0,0
PF109,0,1,0,0,1,0,0,0,1,0
PF110,0,1,0,0,1,0,0,0,0,1
PF111,0,1,0,0,0,1,1,0,0,0
PF112,0,1,0,0,0,1,0,1,0,0
PF113,0,1,0,0,0,1,0,0,1,0
PF114,0,1,0,0,0,1,0,0,0,1
PF115,0,1,0,0,0,0,1,1,0,0
PF116,0,1,0,0,0,0,1,0,1,0
PF117,0,1,0,0,0,0,1,0,0,1
PF118,0,1,0,0,0,0,0,1,1,0
PF119,0,1,0,0,0,0,0,1,0,1
PF120,0,1,0,0,0,0,0,0,1,1
PF121,0,0,1,1,1,0,0,0,0,0
PF122,0,0,1,1,0,1,0,0,0,0
PF123,0,0,1,1,0,0,1,0,0,0
PF124,0,0,1,1,0,0,0,1,0,0
PF125,0,0,1,1,0,0,0,0,1,0
PF126,0,0,1,1,0,0,0,0,0,1
PF127,0,0,1,0,1,1,0,0,0,0
PF128,0,0,1,0,1,0,1,0,0,0
PF129,0,0,1,0,1,0,0,1,0,0
PF130,0,0,1,0,1,0,0,0,1,0
PF131,0,0,1,0,1,0,0,0,0,1
PF132,0,0,1,0,0,1,1,0,0,0
PF133,0,0,1,0,0,1,0,1,0,0
PF134,0,0,1,0,0,1,0,0,1,0
PF135,0,0,1,0,0,1,0,0,0,1
PF136,0,0,1,0,0,0,1,1,0,0
PF137,0,0,1,0,0,0,1,0,1,0
PF138,0,0,1,0,0,0,1,0,0,1
PF139,0,0,1,0,0,0,0,1,1,0
PF140,0,0,1,0,0,0,0,1,0,1
PF141,0,0,1,0,0,0,0,0,1,1
PF142,0,0,0,1,1,1,0,0,0,0
PF143,0,0,0,1,1,0,1,0,0,0
PF144,0,0,0,1,1,0,0,1,0,0
PF145,0,0,0,1,1,0,0,0,1,0
PF146,0,0,0,1,1,0,0,0,0,1
PF147,0,0,0,1,0,1,1,0,0,0
PF148,0,0,0,1,0,1,0,1,0,0
PF149,0,0,0,1,0,1,0,0,1,0
PF150,0,0,0,1,0,1,0,0,0,1
PF151,0,0,0,1,0,0,1,1,0,0
PF152,0,0,0,1,0,0,1,0,1,0
PF153,0,0,0,1,0,0,1,0,0,1
PF154,0,0,0,1,0,0,0,1,1,0
PF155,0,0,0,1,0,0,0,1,0,1
PF156,0,0,0,1,0,0,0,0,1,1
PF157,0,0,0,0,1,1,1,0,0,0
PF158,0,0,0,0,1,1,0,1,0,0
PF159,0,0,0,0,1,1,0,0,1,0
PF160,0,0,0,0,1,1,0,0,0,1
PF161,0,0,0,0,1,0,1,1,0,0
PF162,0,0,0,0,1,0,1,0,1,0
PF163,0,0,0,0,1,0,1,0,0,1
PF164,0,0,0,0,1,0,0,1,1,0
PF165,0,0,0,0,1,0,0,1,0,1
PF166,0,0,0,0,1,0,0,0,1,1
PF167,0,0,0,0,0,1,1,1,0,0
PF168,0,0,0,0,0,1,1,0,1,0
PF169,0,0,0,0,0,1,1,0,0,1
PF170,0,0,0,0,0,1,0,1,1,0
PF171,0,0,0,0,0,1,0,1,0,1
PF172,0,0,0,0,0,1,0,0,1,1
PF173,0,0,0,0,0,0,1,1,1,0
PF174,0,0,0,0,0,0,1,1,0,1
PF175,0,0,0,0,0,0,1,0,1,1
PF176,0,0,0,0,0,0,0,1,1,1
PF177,1,1,1,1,0,0,0,0,0,0
PF178,1,1,1,0,1,0,0,0,0,0
PF179,1,1,1,0,0,1,0,0,0,0
PF180,1,1,1,0,0,0,1,0,0,0
PF181,1,1,1,0,0,0,0,1,0,0
PF182,1,1,1,0,0,0,0,0,1,0
PF183,1,1,1,0,0,0,0,0,0,1
PF184,1,1,0,1,1,0,0,0,0,0
PF185,1,1,0,1,0,1,0,0,0,0
PF186,1,1,0,1,0,0,1,0,0,0
PF187,1,1,0,1,0,0,0,1,0,0
PF188,1,1,0,1,0,0,0,0,1,0
PF189,1,1,0,1,0,0,0,0,0,1
PF190,1,1,0,0,1,1,0,0,0,0
PF191,1,1,0,0,1,0,1,0,0,0
PF192,1,1,0,0,1,0,0,1,0,0
PF193,1,1,0,0,1,0,0,0,1,0
PF194,1,1,0,0,1,0,0,0,0,1
PF195,1,1,0,0,0,1,1,0,0,0
PF196,1,1,0,0,0,1,0,1,0,0
PF197,1,1,0,0,0,1,0,0,1,0
PF198,1,1,0,0,0,1,0,0,0,1
PF199,1,1,0,0,0,0,1,1,0,0
PF200,1,1,0,0,0,0,1,0,1,0
PF201,1,1,0,0,0,0,1,0,0,1
PF202,1,1,0,0,0,0,0,1,1,0
PF203,1,1,0,0,0,0,0,1,0,1
PF204,1,1,0,0,0,0,0,0,1,1
PF205,1,0,1,1,1,0,0,0,0,0
PF206,1,0,1,1,0,1,0,0,0,0
PF207,1,0,1,1,0,0,1,0,0,0
PF208,1,0,1,1,0,0,0,1,0,0
PF209,1,0,1,1,0,0,0,0,1,0
PF210,1,0,1,1,0,0,0,0,0,1
PF211,1,0,1,0,1,1,0,0,0,0
PF212,1,0,1,0,1,0,1,0,0,0
PF213,1,0,1,0,1,0,0,1,0,0
PF214,1,0,1,0,1,0,0,0,1,0
PF215,1,0,1,0,1,0,0,0,0,1
PF216,1,0,1,0,0,1,1,0,0,0
PF217,1,0,1,0,0,1,0,1,0,0
PF218,1,0,1,0,0,1,0,0,1,0
PF219,1,0,1,0,0,1,0,0,0,1
PF220,1,0,1,0,0,0,1,1,0,0
PF221,1,0,1,0,0,0,1,0,1,0
PF222,1,0,1,0,0,0,1,0,0,1
PF223,1,0,1,0,0,0,0,1,1,0
PF224,1,0,1,0,0,0,0,1,0,1
PF225,1,0,1,0,0,0,0,0,1,1
PF226,1,0,0,1,1,1,0,0,0,0
PF227,1,0,0,1,1,0,1,0,0,0
PF228,1,0,0,1,1,0,0,1,0,0
PF229,1,0,0,1,1,0,0,0,1,0
PF230,1,0,0,1,1,0,0,0,0,1
PF231,1,0,0,1,0,1,1,0,0,0
PF232,1,0,0,1,0,1,0,1,0,0
PF233,1,0,0,1,0,1,0,0,1,0
PF234,1,0,0,1,0,1,0,0,0,1
PF235,1,0,0,1,0,0,1,1,0,0
PF236,1,0,0,1,0,0,1,0,1,0
PF237,1,0,0,1,0,0,1,0,0,1
PF238,1,0,0,1,0,0,0,1,1,0
PF239,1,0,0,1,0,0,0,1,0,1
PF240,1,0,0,1,0,0,0,0,1,1
PF241,1,0,0,0,1,1,1,0,0,0
PF242,1,0,0,0,1,1,0,1,0,0
PF243,1,0,0,0,1,1,0,0,1,0
PF244,1,0,0,0,1,1,0,0,0,1
PF245,1,0,0,0,1,0,1,1,0,0
PF246,1,0,0,0,1,0,1,0,1,0
PF247,1,0,0,0,1,0,1,0,0,1
PF248,1,0,0,0,1,0,0,1,1,0
PF249,1,0,0,0,1,0,0,1,0,1
PF250,1,0,0,0,1,0,0,0,1,1
PF251,1,0,0,0,0,1,1,1,0,0
PF252,1,0,0,0,0,1,1,0,1,0
PF253,1,0,0,0,0,1,1,0,0,1
PF254,1,0,0,0,0,1,0,1,1,0
PF255,1,0,0,0,0,1,0,1,0,1
PF256,1,0,0,0,0,1,0,0,1,1
PF257,1,0,0,0,0,0,1,1,1,0
PF258,1,0,0,0,0,0,1,1,0,1
PF259,1,0,0,0,0,0,1,0,1,1
PF260,1,0,0,0,0,0,0,1,1,1
PF261,0,1,1,1,1,0,0,0,0,0
PF262,0,1,1,1,0,1,0,0,0,0
PF263,0,1,1,1,0,0,1,0,0,0
PF264,0,1,1,1,0,0,0,1,0,0
PF265,0,1,1,1,0,0,0,0,1,0
PF266,0,1,1,1,0,0,0,0,0,1
PF267,0,1,1,0,1,1,0,0,0,0
PF268,0,1,1,0,1,0,1,0,0,0
PF269,0,1,1,0,1,0,0,1,0,0
PF270,0,1,1,0,1,0,0,0,1,0
PF271,0,1,1,0,1,0,0,0,0,1
PF272,0,1,1,0,0,1,1,0,0,0
PF273,0,1,1,0,0,1,0,1,0,0
PF274,0,1,1,0,0,1,0,0,1,0
PF275,0,1,1,0,0,1,0,0,0,1
PF276,0,1,1,0,0,0,1,1,0,0
PF277,0,1,1,0,0,0,1,0,1,0
PF278,0,1,1,0,0,0,1,0,0,1
PF279,0,1,1,0,0,0,0,1,1,0
PF280,0,1,1,0,0,0,0,1,0,1
PF281,0,1,1,0,0,0,0,0,1,1
PF282,0,1,0,1,1,1,0,0,0,0
PF283,0,1,0,1,1,0,1,0,0,0
PF284,0,1,0,1,1,0,0,1,0,0
PF285,0,1,0,1,1,0,0,0,1,0
PF286,0,1,0,1,1,0,0,0,0,1
PF287,0,1,0,1,0,1,1,0,0,0
PF288,0,1,0,1,0,1,0,1,0,0
PF289,0,1,0,1,0,1,0,0,1,0
PF290,0,1,0,1,0,1,0,0,0,1
PF291,0,1,0,1,0,0,1,1,0,0
PF292,0,1,0,1,0,0,1,0,1,0
PF293,0,1,0,1,0,0,1,0,0,1
PF294,0,1,0,1,0,0,0,1,1,0
PF295,0,1,0,1,0,0,0,1,0,1
PF296,0,1,0,1,0,0,0,0,1,1
PF297,0,1,0,0,1,1,1,0,0,0
PF298,0,1,0,0,1,1,0,1,0,0
PF299,0,1,0,0,1,1,0,0,1,0
PF300,0,1,0,0,1,1,0,0,0,1
PF301,0,1,0,0,1,0,1,1,0,0
PF302,0,1,0,0,1,0,1,0,1,0
PF303,0,1,0,0,1,0,1,0,0,1
PF304,0,1,0,0,1,0,0,1,1,0
PF305,0,1,0,0,1,0,0,1,0,1
PF306,0,1,0,0,1,0,0,0,1,1
PF307,0,1,0,0,0,1,1,1,0,0
PF308,0,1,0,0,0,1,1,0,1,0
PF309,0,1,0,0,0,1,1,0,0,1
PF310,0,1,0,0,0,1,0,1,1,0
PF311,0,1,0,0,0,1,0,1,0,1
PF312,0,1,0,0,0,1,0,0,1,1
PF313,0,1,0,0,0,0,1,1,1,0
PF314,0,1,0,0,0,0,1,1,0,1
PF315,0,1,0,0,0,0,1,0,1,1
PF316,0,1,0,0,0,0,0,1,1,1
PF317,0,0,1,1,1,1,0,0,0,0
PF318,0,0,1,1,1,0,1,0,0,0
PF319,0,0,1,1,1,0,0,1,0,0
PF320,0,0,1,1,1,0,0,0,1,0
PF321,0,0,1,1,1,0,0,0,0,1
PF322,0,0,1,1,0,1,1,0,0,0
PF323,0,0,1,1,0,1,0,1,0,0
PF324,0,0,1,1,0,1,0,0,1,0
PF325,0,0,1,1,0,1,0,0,0,1
PF326,0,0,1,1,0,0,1,1,0,0
PF327,0,0,1,1,0,0,1,0,1,0
PF328,0,0,1,1,0,0,1,0,0,1
PF329,0,0,1,1,0,0,0,1,1,0
PF330,0,0,1,1,0,0,0,1,0,1
PF331,0,0,1,1,0,0,0,0,1,1
PF332,0,0,1,0,1,1,1,0,0,0
PF333,0,0,1,0,1,1,0,1,0,0
PF334,0,0,1,0,1,1,0,0,1,0
PF335,0,0,1,0,1,1,0,0,0,1
PF336,0,0,1,0,1,0,1,1,0,0
PF337,0,0,1,0,1,0,1,0,1,0
PF338,0,0,1,0,1,0,1,0,0,1
PF339,0,0,1,0,1,0,0,1,1,0
PF340,0,0,1,0,1,0,0,1,0,1
PF341,0,0,1,0,1,0,0,0,1,1
PF342,0,0,1,0,0,1,1,1,0,0
PF343,0,0,1,0,0,1,1,0,1,0
PF344,0,0,1,0,0,1,1,0,0,1
PF345,0,0,1,0,0,1,0,1,1,0
PF346,0,0,1,0,0,1,0,1,0,1
PF347,0,0,1,0,0,1,0,0,1,1
PF348,0,0,1,0,0,0,1,1,1,0
PF349,0,0,1,0,0,0,1,1,0,1
PF350,0,0,1,0,0,0,1,0,1,1
PF351,0,0,1,0,0,0,0,1,1,1
PF352,0,0,0,1,1,1,1,0,0,0
PF353,0,0,0,1,1,1,0,1,0,0
PF354,0,0,0,1,1,1,0,0,1,0
PF355,0,0,0,1,1,1,0,0,0,1
PF356,0,0,0,1,1,0,1,1,0,0
PF357,0,0,0,1,1,0,1,0,1,0
PF358,0,0,0,1,1,0,1,0,0,1
PF359,0,0,0,1,1,0,0,1,1,0
PF360,0,0,0,1,1,0,0,1,0,1
PF361,0,0,0,1,1,0,0,0,1,1
PF362,0,0,0,1,0,1,1,1,0,0
PF363,0,0,0,1,0,1,1,0,1,0
PF364,0,0,0,1,0,1,1,0,0,1
PF365,0,0,0,1,0,1,0,1,1,0
PF366,0,0,0,1,0,1,0,1,0,1
PF367,0,0,0,1,0,1,0,0,1,1
PF368,0,0,0,1,0,0,1,1,1,0
PF369,0,0,0,1,0,0,1,1,0,1
PF370,0,0,0,1,0,0,1,0,1,1
PF371,0,0,0,1,0,0,0,1,1,1
PF372,0,0,0,0,1,1,1,1,0,0
PF373,0,0,0,0,1,1,1,0,1,0
PF374,0,0,0,0,1,1,1,0,0,1
PF375,0,0,0,0,1,1,0,1,1,0
PF376,0,0,0,0,1,1,0,1,0,1
PF377,0,0,0,0,1,1,0,0,1,1
PF378,0,0,0,0,1,0,1,1,1,0
PF379,0,0,0,0,1,0,1,1,0,1
PF380,0,0,0,0,1,0,1,0,1,1
PF381,0,0,0,0,1,0,0,1,1,1
PF382,0,0,0,0,0,1,1,1,1,0
PF383,0,0,0,0,0,1,1,1,0,1
PF384,0,0,0,0,0,1,1,0,1,1
PF385,0,0,0,0,0,1,0,1,1,1
PF386,0,0,0,0,0,0,1,1,1,1
PF387,1,1,1,1,1,0,0,0,0,0
PF388,1,1,1,1,0,1,0,0,0,0
PF389,1,1,1,1,0,0,1,0,0,0
PF390,1,1,1,1,0,0,0,1,0,0
PF391,1,1,1,1,0,0,0,0,1,0
PF392,1,1,1,1,0,0,0,0,0,1
PF393,1,1,1,0,1,1,0,0,0,0
PF394,1,1,1,0,1,0,1,0,0,0
PF395,1,1,1,0,1,0,0,1,0,0
PF396,1,1,1,0,1,0,0,0,1,0
PF397,1,1,1,0,1,0,0,0,0,1
PF398,1,1,1,0,0,1,1,0,0,0
PF399,1,1,1,0,0,1,0,1,0,0
PF400,1,1,1,0,0,1,0,0,1,0
PF401,1,1,1,0,0,1,0,0,0,1
PF402,1,1,1,0,0,0,1,1,0,0
PF403,1,1,1,0,0,0,1,0,1,0
PF404,1,1,1,0,0,0,1,0,0,1
PF405,1,1,1,0,0,0,0,1,1,0
PF406,1,1,1,0,0,0,0,1,0,1
PF407,1,1,1,0,0,0,0,0,1,1
PF408,1,1,0,1,1,1,0,0,0,0
PF409,1,1,0,1,1,0,1,0,0,0
PF410,1,1,0,1,1,0,0,1,0,0
PF411,1,1,0,1,1,0,0,0,1,0
PF412,1,1,0,1,1,0,0,0,0,1
PF413,1,1,0,1,0,1,1,0,0,0
PF414,1,1,0,1,0,1,0,1,0,0
PF415,1,1,0,1,0,1,0,0,1,0
PF416,1,1,0,1,0,1,0,0,0,1
PF417,1,1,0,1,0,0,1,1,0,0
PF418,1,1,0,1,0,0,1,0,1,0
PF419,1,1,0,1,0,0,1,0,0,1
PF420,1,1,0,1,0,0,0,1,1,0
PF421,1,1,0,1,0,0,0,1,0,1
PF422,1,1,0,1,0,0,0,0,1,1
PF423,1,1,0,0,1,1,1,0,0,0
PF424,1,1,0,0,1,1,0,1,0,0
PF425,1,1,0,0,1,1,0,0,1,0
PF426,1,1,0,0,1,1,0,0,0,1
PF427,1,1,0,0,1,0,1,1,0,0
PF428,1,1,0,0,1,0,1,0,1,0
PF429,1,1,0,0,1,0,1,0,0,1
PF430,1,1,0,0,1,0,0,1,1,0
PF431,1,1,0,0,1,0,0,1,0,1
PF432,1,1,0,0,1,0,0,0,1,1
PF433,1,1,0,0,0,1,1,1,0,0
PF434,1,1,0,0,0,1,1,0,1,0
PF435,1,1,0,0,0,1,1,0,0,1
PF436,1,1,0,0,0,1,0,1,1,0
PF437,1,1,0,0,0,1,0,1,0,1
PF438,1,1,0,0,0,1,0,0,1,1
PF439,1,1,0,0,0,0,1,1,1,0
PF440,1,1,0,0,0,0,1,1,0,1
PF441,1,1,0,0,0,0,1,0,1,1
PF442,1,1,0,0,0,0,0,1,1,1
PF443,1,0,1,1,1,1,0,0,0,0
PF444,1,0,1,1,1,0,1,0,0,0
PF445,1,0,1,1,1,0,0,1,0,0
PF446,1,0,1,1,1,0,0,0,1,0
PF447,1,0,1,1,1,0,0,0,0,1
PF448,1,0,1,1,0,1,1,0,0,0
PF449,1,0,1,1,0,1,0,1,0,0
PF450,1,0,1,1,0,1,0,0,1,0
PF451,1,0,1,1,0,1,0,0,0,1
PF452,1,0,1,1,0,0,1,1,0,0
PF453,1,0,1,1,0,0,1,0,1,0
PF454,1,0,1,1,0,0,1,0,0,1
PF455,1,0,1,1,0,0,0,1,1,0
PF456,1,0,1,1,0,0,0,1,0,1
PF457,1,0,1,1,0,0,0,0,1,1
PF458,1,0,1,0,1,1,1,0,0,0
PF459,1,0,1,0,1,1,0,1,0,0
PF460,1,0,1,0,1,1,0,0,1,0
PF461,1,0,1,0,1,1,0,0,0,1
PF462,1,0,1,0,1,0,1,1,0,0
PF463,1,0,1,0,1,0,1,0,1,0
PF464,1,0,1,0,1,0,1,0,0,1
PF465,1,0,1,0,1,0,0,1,1,0
PF466,1,0,1,0,1,0,0,1,0,1
PF467,1,0,1,0,1,0,0,0,1,1
PF468,1,0,1,0,0,1,1,1,0,0
PF469,1,0,1,0,0,1,1,0,1,0
PF470,1,0,1,0,0,1,1,0,0,1
PF471,1,0,1,0,0,1,0,1,1,0
PF472,1,0,1,0,0,1,0,1,0,1
PF473,1,0,1,0,0,1,0,0,1,1
PF474,1,0,1,0,0,0,1,1,1,0
PF475,1,0,1,0,0,0,1,1,0,1
PF476,1,0,1,0,0,0,1,0,1,1
PF477,1,0,1,0,0,0,0,1,1,1
PF478,1,0,0,1,1,1,1,0,0,0
PF479,1,0,0,1,1,1,0,1,0,0
PF480,1,0,0,1,1,1,0,0,1,0
PF481,1,0,0,1,1,1,0,0,0,1
PF482,1,0,0,1,1,0,1,1,0,0
PF483,1,0,0,1,1,0,1,0,1,0
PF484,1,0,0,1,1,0,1,0,0,1
PF485,1,0,0,1,1,0,0,1,1,0
PF486,1,0,0,1,1,0,0,1,0,1
PF487,1,0,0,1,1,0,0,0,1,1
PF488,1,0,0,1,0,1,1,1,0,0
PF489,1,0,0,1,0,1,1,0,1,0
PF490,1,0,0,1,0,1,1,0,0,1
PF491,1,0,0,1,0,1,0,1,1,0
PF492,1,0,0,1,0,1,0,1,0,1
PF493,1,0,0,1,0,1,0,0,1,1
PF494,1,0,0,1,0,0,1,1,1,0
PF495,1,0,0,1,0,0,1,1,0,1
PF496,1,0,0,1,0,0,1,0,1,1
PF497,1,0,0,1,0,0,0,1,1,1
PF498,1,0,0,0,1,1,1,1,0,0
PF499,1,0,0,0,1,1,1,0,1,0
PF500,1,0,0,0,1,1,1,0,0,1
PF501,1,0,0,0,1,1,0,1,1,0
PF502,1,0,0,0,1,1,0,1,0,1
PF503,1,0,0,0,1,1,0,0,1,1
PF504,1,0,0,0,1,0,1,1,1,0
PF505,1,0,0,0,1,0,1,1,0,1
PF506,1,0,0,0,1,0,1,0,1,1
PF507,1,0,0,0,1,0,0,1,1,1
PF508,1,0,0,0,0,1,1,1,1,0
PF509,1,0,0,0,0,1,1,1,0,1
PF510,1,0,0,0,0,1,1,0,1,1
PF511,1,0,0,0,0,1,0,1,1,1
PF512,1,0,0,0,0,0,1,1,1,1
PF513,0,1,1,1,1,1,0,0,0,0
PF514,0,1,1,1,1,0,1,0,0,0
PF515,0,1,1,1,1,0,0,1,0,0
PF516,0,1,1,1,1,0,0,0,1,0
PF517,0,1,1,1,1,0,0,0,0,1
PF518,0,1,1,1,0,1,1,0,0,0
PF519,0,1,1,1,0,1,0,1,0,0
PF520,0,1,1,1,0,1,0,0,1,0
PF521,0,1,1,1,0,1,0,0,0,1
PF522,0,1,1,1,0,0,1,1,0,0
PF523,0,1,1,1,0,0,1,0,1,0
PF524,0,1,1,1,0,0,1,0,0,1
PF525,0,1,1,1,0,0,0,1,1,0
PF526,0,1,1,1,0,0,0,1,0,1
PF527,0,1,1,1,0,0,0,0,1,1
PF528,0,1,1,0,1,1,1,0,0,0
PF529,0,1,1,0,1,1,0,1,0,0
PF530,0,1,1,0,1,1,0,0,1,0
PF531,0,1,1,0,1,1,0,0,0,1
PF532,0,1,1,0,1,0,1,1,0,0
PF533,0,1,1,0,1,0,1,0,1,0
PF534,0,1,1,0,1,0,1,0,0,1
PF535,0,1,1,0,1,0,0,1,1,0
PF536,0,1,1,0,1,0,0,1,0,1
PF537,0,1,1,0,1,0,0,0,1,1
PF538,0,1,1,0,0,1,1,1,0,0
PF539,0,1,1,0,0,1,1,0,1,0
PF540,0,1,1,0,0,1,1,0,0,1
PF541,0,1,1,0,0,1,0,1,1,0
PF542,0,1,1,0,0,1,0,1,0,1
PF543,0,1,1,0,0,1,0,0,1,1
PF544,0,1,1,0,0,0,1,1,1,0
PF545,0,1,1,0,0,0,1,1,0,1
PF546,0,1,1,0,0,0,1,0,1,1
PF547,0,1,1,0,0,0,0,1,1,1
PF548,0,1,0,1,1,1,1,0,0,0
PF549,0,1,0,1,1,1,0,1,0,0
PF550,0,1,0,1,1,1,0,0,1,0
PF551,0,1,0,1,1,1,0,0,0,1
PF552,0,1,0,1,1,0,1,1,0,0
PF553,0,1,0,1,1,0,1,0,1,0
PF554,0,1,0,1,1,0,1,0,0,1
PF555,0,1,0,1,1,0,0,1,1,0
PF556,0,1,0,1,1,0,0,1,0,1
PF557,0,1,0,1,1,0,0,0,1,1
PF558,0,1,0,1,0,1,1,1,0,0
PF559,0,1,0,1,0,1,1,0,1,0
PF560,0,1,0,1,0,1,1,0,0,1
PF561,0,1,0,1,0,1,0,1,1,0
PF562,0,1,0,1,0,1,0,1,0,1
PF563,0,1,0,1,0,1,0,0,1,1
PF564,0,1,0,1,0,0,1,1,1,0
PF565,0,1,0,1,0,0,1,1,0,1
PF566,0,1,0,1,0,0,1,0,1,1
PF567,0,1,0,1,0,0,0,1,1,1
PF568,0,1,0,0,1,1,1,1,0,0
PF569,0,1,0,0,1,1,1,0,1,0
PF570,0,1,0,0,1,1,1,0,0,1
PF571,0,1,0,0,1,1,0,1,1,0
PF572,0,1,0,0,1,1,0,1,0,1
PF573,0,1,0,0,1,1,0,0,1,1
PF574,0,1,0,0,1,0,1,1,1,0
PF575,0,1,0,0,1,0,1,1,0,1
PF576,0,1,0,0,1,0,1,0,1,1
PF577,0,1,0,0,1,0,0,1,1,1
PF578,0,1,0,0,0,1,1,1,1,0
PF579,0,1,0,0,0,1,1,1,0,1
PF580,0,1,0,0,0,1,1,0,1,1
PF581,0,1,0,0,0,1,0,1,1,1
PF582,0,1,0,0,0,0,1,1,1,1
PF583,0,0,1,1,1,1,1,0,0,0
PF584,0,0,1,1,1,1,0,1,0,0
PF585,0,0,1,1,1,1,0,0,1,0
PF586,0,0,1,1,1,1,0,0,0,1
PF587,0,0,1,1,1,0,1,1,0,0
PF588,0,0,1,1,1,0,1,0,1,0
PF589,0,0,1,1,1,0,1,0,0,1
PF590,0,0,1,1,1,0,0,1,1,0
PF591,0,0,1,1,1,0,0,1,0,1
PF592,0,0,1,1,1,0,0,0,1,1
PF593,0,0,1,1,0,1,1,1,0,0
PF594,0,0,1,1,0,1,1,0,1,0
PF595,0,0,1,1,0,1,1,0,0,1
PF596,0,0,1,1,0,1,0,1,1,0
PF597,0,0,1,1,0,1,0,1,0,1
PF598,0,0,1,1,0,1,0,0,1,1
PF599,0,0,1,1,0,0,1,1,1,0
PF600,0,0,1,1,0,0,1,1,0,1
PF601,0,0,1,1,0,0,1,0,1,1
PF602,0,0,1,1,0,0,0,1,1,1
PF603,0,0,1,0,1,1,1,1,0,0
PF604,0,0,1,0,1,1,1,0,1,0
PF605,0,0,1,0,1,1,1,0,0,1
PF606,0,0,1,0,1,1,0,1,1,0
PF607,0,0,1,0,1,1,0,1,0,1
PF608,0,0,1,0,1,1,0,0,1,1
PF609,0,0,1,0,1,0,1,1,1,0
PF610,0,0,1,0,1,0,1,1,0,1
PF611,0,0,1,0,1,0,1,0,1,1
PF612,0,0,1,0,1,0,0,1,1,1
PF613,0,0,1,0,0,1,1,1,1,0
PF614,0,0,1,0,0,1,1,1,0,1
PF615,0,0,1,0,0,1,1,0,1,1
PF616,0,0,1,0,0,1,0,1,1,1
PF617,0,0,1,0,0,0,1,1,1,1
PF618,0,0,0,1,1,1,1,1,0,0
PF619,0,0,0,1,1,1,1,0,1,0
PF620,0,0,0,1,1,1,1,0,0,1
PF621,0,0,0,1,1,1,0,1,1,0
PF622,0,0,0,1,1,1,0,1,0,1
PF623,0,0,0,1,1,1,0,0,1,1
PF624,0,0,0,1,1,0,1,1,1,0
PF625,0,0,0,1,1,0,1,1,0,1
PF626,0,0,0,1,1,0,1,0,1,1
PF627,0,0,0,1,1,0,0,1,1,1
PF628,0,0,0,1,0,1,1,1,1,0
PF629,0,0,0,1,0,1,1,1,0,1
PF630,0,0,0,1,0,1,1,0,1,1
PF631,0,0,0,1,0,1,0,1,1,1
PF632,0,0,0,1,0,0,1,1,1,1
PF633,0,0,0,0,1,1,1,1,1,0
PF634,0,0,0,0,1,1,1,1,0,1
PF635,0,0,0,0,1,1,1,0,1,1
PF636,0,0,0,0,1,1,0,1,1,1
PF637,0,0,0,0,1,0,1,1,1,1
PF638,0,0,0,0,0,1,1,1,1,1
PF639,1,1,1,1,1,1,0,0,0,0
PF640,1,1,1,1,1,0,1,0,0,0
PF641,1,1,1,1,1,0,0,1,0,0
PF642,1,1,1,1,1,0,0,0,1,0
PF643,1,1,1,1,1,0,0,0,0,1
PF644,1,1,1,1,0,1,1,0,0,0
PF645,1,1,1,1,0,1,0,1,0,0
PF646,1,1,1,1,0,1,0,0,1,0
PF647,1,1,1,1,0,1,0,0,0,1
PF648,1,1,1,1,0,0,1,1,0,0
PF649,1,1,1,1,0,0,1,0,1,0
PF650,1,1,1,1,0,0,1,0,0,1
PF651,1,1,1,1,0,0,0,1,1,0
PF652,1,1,1,1,0,0,0,1,0,1
PF653,1,1,1,1,0,0,0,0,1,1
PF654,1,1,1,0,1,1,1,0,0,0
PF655,1,1,1,0,1,1,0,1,0,0
PF656,1,1,1,0,1,1,0,0,1,0
PF657,1,1,1,0,1,1,0,0,0,1
PF658,1,1,1,0,1,0,1,1,0,0
PF659,1,1,1,0,1,0,1,0,1,0
PF660,1,1,1,0,1,0,1,0,0,1
PF661,1,1,1,0,1,0,0,1,1,0
PF662,1,1,1,0,1,0,0,1,0,1
PF663,1,1,1,0,1,0,0,0,1,1
PF664,1,1,1,0,0,1,1,1,0,0
PF665,1,1,1,0,0,1,1,0,1,0
PF666,1,1,1,0,0,1,1,0,0,1
PF667,1,1,1,0,0,1,0,1,1,0
PF668,1,1,1,0,0,1,0,1,0,1
PF669,1,1,1,0,0,1,0,0,1,1
PF670,1,1,1,0,0,0,1,1,1,0
PF671,1,1,1,0,0,0,1,1,0,1
PF672,1,1,1,0,0,0,1,0,1,1
PF673,1,1,1,0,0,0,0,1,1,1
PF674,1,1,0,1,1,1,1,0,0,0
PF675,1,1,0,1,1,1,0,1,0,0
PF676,1,1,0,1,1,1,0,0,1,0
PF677,1,1,0,1,1,1,0,0,0,1
PF678,1,1,0,1,1,0,1,1,0,0
PF679,1,1,0,1,1,0,1,0,1,0
PF680,1,1,0,1,1,0,1,0,0,1
PF681,1,1,0,1,1,0,0,1,1,0
PF682,1,1,0,1,1,0,0,1,0,1
PF683,1,1,0,1,1,0,0,0,1,1
PF684,1,1,0,1,0,1,1,1,0,0
PF685,1,1,0,1,0,1,1,0,1,0
PF686,1,1,0,1,0,1,1,0,0,1
PF687,1,1,0,1,0,1,0,1,1,0
PF688,1,1,0,1,0,1,0,1,0,1
PF689,1,1,0,1,0,1,0,0,1,1
PF690,1,1,0,1,0,0,1,1,1,0
PF691,1,1,0,1,0,0,1,1,0,1
PF692,1,1,0,1,0,0,1,0,1,1
PF693,1,1,0,1,0,0,0,1,1,1
PF694,1,1,0,0,1,1,1,1,0,0
PF695,1,1,0,0,1,1,1,0,1,0
PF696,1,1,0,0,1,1,1,0,0,1
PF697,1,1,0,0,1,1,0,1,1,0
PF698,1,1,0,0,1,1,0,1,0,1
PF699,1,1,0,0,1,1,0,0,1,1
PF700,1,1,0,0,1,0,1,1,1,0
PF701,1,1,0,0,1,0,1,1,0,1
PF702,1,1,0,0,1,0,1,0,1,1
PF703,1,1,0,0,1,0,0,1,1,1
PF704,1,1,0,0,0,1,1,1,1,0
PF705,1,1,0,0,0,1,1,1,0,1
PF706,1,1,0,0,0,1,1,0,1,1
PF707,1,1,0,0,0,1,0,1,1,1
PF708,1,1,0,0,0,0,1,1,1,1
PF709,1,0,1,1,1,1,1,0,0,0
PF710,1,0,1,1,1,1,0,1,0,0
PF711,1,0,1,1,1,1,0,0,1,0
PF712,1,0,1,1,1,1,0,0,0,1
PF713,1,0,1,1,1,0,1,1,0,0
PF714,1,0,1,1,1,0,1,0,1,0
PF715,1,0,1,1,1,0,1,0,0,1
PF716,1,0,1,1,1,0,0,1,1,0
PF717,1,0,1,1,1,0,0,1,0,1
PF718,1,0,1,1,1,0,0,0,1,1
PF719,1,0,1,1,0,1,1,1,0,0
PF720,1,0,1,1,0,1,1,0,1,0
PF721,1,0,1,1,0,1,1,0,0,1
PF722,1,0,1,1,0,1,0,1,1,0
PF723,1,0,1,1,0,1,0,1,0,1
PF724,1,0,1,1,0,1,0,0,1,1
PF725,1,0,1,1,0,0,1,1,1,0
PF726,1,0,1,1,0,0,1,1,0,1
PF727,1,0,1,1,0,0,1,0,1,1
PF728,1,0,1,1,0,0,0,1,1,1
PF729,1,0,1,0,1,1,1,1,0,0
PF730,1,0,1,0,1,1,1,0,1,0
PF731,1,0,1,0,1,1,1,0,0,1
PF732,1,0,1,0,1,1,0,1,1,0
PF733,1,0,1,0,1,1,0,1,0,1
PF734,1,0,1,0,1,1,0,0,1,1
PF735,1,0,1,0,1,0,1,1,1,0
PF736,1,0,1,0,1,0,1,1,0,1
PF737,1,0,1,0,1,0,1,0,1,1
PF738,1,0,1,0,1,0,0,1,1,1
PF739,1,0,1,0,0,1,1,1,1,0
PF740,1,0,1,0,0,1,1,1,0,1
PF741,1,0,1,0,0,1,1,0,1,1
PF742,1,0,1,0,0,1,0,1,1,1
PF743,1,0,1,0,0,0,1,1,1,1
PF744,1,0,0,1,1,1,1,1,0,0
PF745,1,0,0,1,1,1,1,0,1,0
PF746,1,0,0,1,1,1,1,0,0,1
PF747,1,0,0,1,1,1,0,1,1,0
PF748,1,0,0,1,1,1,0,1,0,1
PF749,1,0,0,1,1,1,0,0,1,1
PF750,1,0,0,1,1,0,1,1,1,0
PF751,1,0,0,1,1,0,1,1,0,1
PF752,1,0,0,1,1,0,1,0,1,1
PF753,1,0,0,1,1,0,0,1,1,1
PF754,1,0,0,1,0,1,1,1,1,0
PF755,1,0,0,1,0,1,1,1,0,1
PF756,1,0,0,1,0,1,1,0,1,1
PF757,1,0,0,1,0,1,0,1,1,1
PF758,1,0,0,1,0,0,1,1,1,1
PF759,1,0,0,0,1,1,1,1,1,0
PF760,1,0,0,0,1,1,1,1,0,1
PF761,1,0,0,0,1,1,1,0,1,1
PF762,1,0,0,0,1,1,0,1,1,1
PF763,1,0,0,0,1,0,1,1,1,1
PF764,1,0,0,0,0,1,1,1,1,1
PF765,0,1,1,1,1,1,1,0,0,0
PF766,0,1,1,1,1,1,0,1,0,0
PF767,0,1,1,1,1,1,0,0,1,0
PF768,0,1,1,1,1,1,0,0,0,1
PF769,0,1,1,1,1,0,1,1,0,0
PF770,0,1,1,1,1,0,1,0,1,0
PF771,0,1,1,1,1,0,1,0,0,1
PF772,0,1,1,1,1,0,0,1,1,0
PF773,0,1,1,1,1,0,0,1,0,1
PF774,0,1,1,1,1,0,0,0,1,1
PF775,0,1,1,1,0,1,1,1,0,0
PF776,0,1,1,1,0,1,1,0,1,0
PF777,0,1,1,1,0,1,1,0,0,1
PF778,0,1,1,1,0,1,0,1,1,0
PF779,0,1,1,1,0,1,0,1,0,1
PF780,0,1,1,1,0,1,0,0,1,1
PF781,0,1,1,1,0,0,1,1,1,0
PF782,0,1,1,1,0,0,1,1,0,1
PF783,0,1,1,1,0,0,1,0,1,1
PF784,0,1,1,1,0,0,0,1,1,1
PF785,0,1,1,0,1,1,1,1,0,0
PF786,0,1,1,0,1,1,1,0,1,0
PF787,0,1,1,0,1,1,1,0,0,1
PF788,0,1,1,0,1,1,0,1,1,0
PF789,0,1,1,0,1,1,0,1,0,1
PF790,0,1,1,0,1,1,0,0,1,1
PF791,0,1,1,0,1,0,1,1,1,0
PF792,0,1,1,0,1,0,1,1,0,1
PF793,0,1,1,0,1,0,1,0,1,1
PF794,0,1,1,0,1,0,0,1,1,1
PF795,0,1,1,0,0,1,1,1,1,0
PF796,0,1,1,0,0,1,1,1,0,1
PF797,0,1,1,0,0,1,1,0,1,1
PF798,0,1,1,0,0,1,0,1,1,1
PF799,0,1,1,0,0,0,1,1,1,1
PF800,0,1,0,1,1,1,1,1,0,0
PF801,0,1,0,1,1,1,1,0,1,0
PF802,0,1,0,1,1,1,1,0,0,1
PF803,0,1,0,1,1,1,0,1,1,0
PF804,0,1,0,1,1,1,0,1,0,1
PF805,0,1,0,1,1,1,0,0,1,1
PF806,0,1,0,1,1,0,1,1,1,0
PF807,0,1,0,1,1,0,1,1,0,1
PF808,0,1,0,1,1,0,1,0,1,1
PF809,0,1,0,1,1,0,0,1,1,1
PF810,0,1,0,1,0,1,1,1,1,0
PF811,0,1,0,1,0,1,1,1,0,1
PF812,0,1,0,1,0,1,1,0,1,1
PF813,0,1,0,1,0,1,0,1,1,1
PF814,0,1,0,1,0,0,1,1,1,1
PF815,0,1,0,0,1,1,1,1,1,0
PF816,0,1,0,0,1,1,1,1,0,1
PF817,0,1,0,0,1,1,1,0,1,1
PF818,0,1,0,0,1,1,0,1,1,1
PF819,0,1,0,0,1,0,1,1,1,1
PF820,0,1,0,0,0,1,1,1,1,1
PF821,0,0,1,1,1,1,1,1,0,0
PF822,0,0,1,1,1,1,1,0,1,0
PF823,0,0,1,1,1,1,1,0,0,1
PF824,0,0,1,1,1,1,0,1,1,0
PF825,0,0,1,1,1,1,0,1,0,1
PF826,0,0,1,1,1,1,0,0,1,1
PF827,0,0,1,1,1,0,1,1,1,0
PF828,0,0,1,1,1,0,1,1,0,1
PF829,0,0,1,1,1,0,1,0,1,1
PF830,0,0,1,1,1,0,0,1,1,1
PF831,0,0,1,1,0,1,1,1,1,0
PF832,0,0,1,1,0,1,1,1,0,1
PF833,0,0,1,1,0,1,1,0,1,1
PF834,0,0,1,1,0,1,0,1,1,1
PF835,0,0,1,1,0,0,1,1,1,1
PF836,0,0,1,0,1,1,1,1,1,0
PF837,0,0,1,0,1,1,1,1,0,1
PF838,0,0,1,0,1,1,1,0,1,1
PF839,0,0,1,0,1,1,0,1,1,1
PF840,0,0,1,0,1,0,1,1,1,1
PF841,0,0,1,0,0,1,1,1,1,1
PF842,0,0,0,1,1,1,1,1,1,0
PF843,0,0,0,1,1,1,1,1,0,1
PF844,0,0,0,1,1,1,1,0,1,1
PF845,0,0,0,1,1,1,0,1,1,1
PF846,0,0,0,1,1,0,1,1,1,1
PF847,0,0,0,1,0,1,1,1,1,1
PF848,0,0,0,0,1,1,1,1,1,1
PF849,1,1,1,1,1,1,1,0,0,0
PF850,1,1,1,1,1,1,0,1,0,0
PF851,1,1,1,1,1,1,0,0,1,0
PF852,1,1,1,1,1,1,0,0,0,1
PF853,1,1,1,1,1,0,1,1,0,0
PF854,1,1,1,1,1,0,1,0,1,0
PF855,1,1,1,1,1,0,1,0,0,1
PF856,1,1,1,1,1,0,0,1,1,0
PF857,1,1,1,1,1,0,0,1,0,1
PF858,1,1,1,1,1,0,0,0,1,1
PF859,1,1,1,1,0,1,1,1,0,0
PF860,1,1,1,1,0,1,1,0,1,0
PF861,1,1,1,1,0,1,1,0,0,1
PF862,1,1,1,1,0,1,0,1,1,0
PF863,1,1,1,1,0,1,0,1,0,1
PF864,1,1,1,1,0,1,0,0,1,1
PF865,1,1,1,1,0,0,1,1,1,0
PF866,1,1,1,1,0,0,1,1,0,1
PF867,1,1,1,1,0,0,1,0,1,1
PF868,1,1,1,1,0,0,0,1,1,1
PF869,1,1,1,0,1,1,1,1,0,0
PF870,1,1,1,0,1,1,1,0,1,0
PF871,1,1,1,0,1,1,1,0,0,1
PF872,1,1,1,0,1,1,0,1,1,0
PF873,1,1,1,0,1,1,0,1,0,1
PF874,1,1,1,0,1,1,0,0,1,1
PF875,1,1,1,0,1,0,1,1,1,0
PF876,1,1,1,0,1,0,1,1,0,1
PF877,1,1,1,0,1,0,1,0,1,1
PF878,1,1,1,0,1,0,0,1,1,1
PF879,1,1,1,0,0,1,1,1,1,0
PF880,1,1,1,0,0,1,1,1,0,1
PF881,1,1,1,0,0,1,1,0,1,1
PF882,1,1,1,0,0,1,0,1,1,1
PF883,1,1,1,0,0,0,1,1,1,1
PF884,1,1,0,1,1,1,1,1,0,0
PF885,1,1,0,1,1,1,1,0,1,0
PF886,1,1,0,1,1,1,1,0,0,1
PF887,1,1,0,1,1,1,0,1,1,0
PF888,1,1,0,1,1,1,0,1,0,1
PF889,1,1,0,1,1,1,0,0,1,1
PF890,1,1,0,1,1,0,1,1,1,0
PF891,1,1,0,1,1,0,1,1,0,1
PF892,1,1,0,1,1,0,1,0,1,1
PF893,1,1,0,1,1,0,0,1,1,1
PF894,1,1,0,1,0,1,1,1,1,0
PF895,1,1,0,1,0,1,1,1,0,1
PF896,1,1,0,1,0,1,1,0,1,1
PF897,1,1,0,1,0,1,0,1,1,1
PF898,1,1,0,1,0,0,1,1,1,1
PF899,1,1,0,0,1,1,1,1,1,0
PF900,1,1,0,0,1,1,1,1,0,1
PF901,1,1,0,0,1,1,1,0,1,1
PF902,1,1,0,0,1,1,0,1,1,1
PF903,1,1,0,0,1,0,1,1,1,1
PF904,1,1,0,0,0,1,1,1,1,1
PF905,1,0,1,1,1,1,1,1,0,0
PF906,1,0,1,1,1,1,1,0,1,0
PF907,1,0,1,1,1,1,1,0,0,1
PF908,1,0,1,1,1,1,0,1,1,0
PF909,1,0,1,1,1,1,0,1,0,1
PF910,1,0,1,1,1,1,0,0,1,1
PF911,1,0,1,1,1,0,1,1,1,0
PF912,1,0,1,1,1,0,1,1,0,1
PF913,1,0,1,1,1,0,1,0,1,1
PF914,1,0,1,1,1,0,0,1,1,1
PF915,1,0,1,1,0,1,1,1,1,0
PF916,1,0,1,1,0,1,1,1,0,1
PF917,1,0,1,1,0,1,1,0,1,1
PF918,1,0,1,1,0,1,0,1,1,1
PF919,1,0,1,1,0,0,1,1,1,1
PF920,1,0,1,0,1,1,1,1,1,0
PF921,1,0,1,0,1,1,1,1,0,1
PF922,1,0,1,0,1,1,1,0,1,1
PF923,1,0,1,0,1,1,0,1,1,1
PF924,1,0,1,0,1,0,1,1,1,1
PF925,1,0,1,0,0,1,1,1,1,1
PF926,1,0,0,1,1,1,1,1,1,0
PF927,1,0,0,1,1,1,1,1,0,1
PF928,1,0,0,1,1,1,1,0,1,1
PF929,1,0,0,1,1,1,0,1,1,1
PF930,1,0,0,1,1,0,1,1,1,1
PF931,1,0,0,1,0,1,1,1,1,1
PF932,1,0,0,0,1,1,1,1,1,1
PF933,0,1,1,1,1,1,1,1,0,0
PF934,0,1,1,1,1,1,1,0,1,0
PF935,0,1,1,1,1,1,1,0,0,1
PF936,0,1,1,1,1,1,0,1,1,0
PF937,0,1,1,1,1,1,0,1,0,1
PF938,0,1,1,1,1,1,0,0,1,1
PF939,0,1,1,1,1,0,1,1,1,0
PF940,0,1,1,1,1,0,1,1,0,1
PF941,0,1,1,1,1,0,1,0,1,1
PF942,0,1,1,1,1,0,0,1,1,1
PF943,0,1,1,1,0,1,1,1,1,0
PF944,0,1,1,1,0,1,1,1,0,1
PF945,0,1,1,1,0,1,1,0,1,1
PF946,0,1,1,1,0,1,0,1,1,1
PF947,0,1,1,1,0,0,1,1,1,1
PF948,0,1,1,0,1,1,1,1,1,0
PF949,0,1,1,0,1,1,1,1,0,1
PF950,0,1,1,0,1,1,1,0,1,1
PF951,0,1,1,0,1,1,0,1,1,1
PF952,0,1,1,0,1,0,1,1,1,1
PF953,0,1,1,0,0,1,1,1,1,1
PF954,0,1,0,1,1,1,1,1,1,0
PF955,0,1,0,1,1,1,1,1,0,1
PF956,0,1,0,1,1,1,1,0,1,1
PF957,0,1,0,1,1,1,0,1,1,1
PF958,0,1,0,1,1,0,1,1,1,1
PF959,0,1,0,1,0,1,1,1,1,1
PF960,0,1,0,0,1,1,1,1,1,1
PF961,0,0,1,1,1,1,1,1,1,0
PF962,0,0,1,1,1,1,1,1,0,1
PF963,0,0,1,1,1,1,1,0,1,1
PF964,0,0,1,1,1,1,0,1,1,1
PF965,0,0,1,1,1,0,1,1,1,1
PF966,0,0,1,1,0,1,1,1,1,1
PF967,0,0,1,0,1,1,1,1,1,1
PF968,0,0,0,1,1,1,1,1,1,1
PF969,1,1,1,1,1,1,1,1,0,0
PF970,1,1,1,1,1,1,1,0,1,0
PF971,1,1,1,1,1,1,1,0,0,1
PF972,1,1,1,1,1,1,0,1,1,0
PF973,1,1,1,1,1,1,0,1,0,1
PF974,1,1,1,1,1,1,0,0,1,1
PF975,1,1,1,1,1,0,1,1,1,0
PF976,1,1,1,1,1,0,1,1,0,1
PF977,1,1,1,1,1,0,1,0,1,1
PF978,1,1,1,1,1,0,0,1,1,1
PF979,1,1,1,1,0,1,1,1,1,0
PF980,1,1,1,1,0,1,1,1,0,1
PF981,1,1,1,1,0,1,1,0,1,1
PF982,1,1,1,1,0,1,0,1,1,1
PF983,1,1,1,1,0,0,1,1,1,1
PF984,1,1,1,0,1,1,1,1,1,0
PF985,1,1,1,0,1,1,1,1,0,1
PF986,1,1,1,0,1,1,1,0,1,1
PF987,1,1,1,0,1,1,0,1,1,1
PF988,1,1,1,0,1,0,1,1,1,1
PF989,1,1,1,0,0,1,1,1,1,1
PF990,1,1,0,1,1,1,1,1,1,0
PF991,1,1,0,1,1,1,1,1,0,1
PF992,1,1,0,1,1,1,1,0,1,1
PF993,1,1,0,1,1,1,0,1,1,1
PF994,1,1,0,1,1,0,1,1,1,1
PF995,1,1,0,1,0,1,1,1,1,1
PF996,1,1,0,0,1,1,1,1,1,1
PF997,1,0,1,1,1,1,1,1,1,0
PF998,1,0,1,1,1,1,1,1,0,1
PF999,1,0,1,1,1,1,1,0,1,1
PF1000,1,0,1,1,1,1,0,1,1,1
PF1001,1,0,1,1,1,0,1,1,1,1
PF1002,1,0,1,1,0,1,1,1,1,1
PF1003,1,0,1,0,1,1,1,1,1,1
PF1004,1,0,0,1,1,1,1,1,1,1
PF1005,0,1,1,1,1,1,1,1,1,0
PF1006,0,1,1,1,1,1,1,1,0,1
PF1007,0,1,1,1,1,1,1,0,1,1
PF1008,0,1,1,1,1,1,0,1,1,1
PF1009,0,1,1,1,1,0,1,1,1,1
PF1010,0,1,1,1,0,1,1,1,1,1
PF1011,0,1,1,0,1,1,1,1,1,1
PF1012,0,1,0,1,1,1,1,1,1,1
PF1013,0,0,1,1,1,1,1,1,1,1
PF1014,1,1,1,1,1,1,1,1,1,0
PF1015,1,1,1,1,1,1,1,1,0,1
PF1016,1,1,1,1,1,1,1,0,1,1
PF1017,1,1,1,1,1,1,0,1,1,1
PF1018,1,1,1,1,1,0,1,1,1,1
PF1019,1,1,1,1,0,1,1,1,1,1
PF1020,1,1,1,0,1,1,1,1,1,1
PF1021,1,1,0,1,1,1,1,1,1,1
PF1022,1,0,1,1,1,1,1,1,1,1
PF1023,0,1,1,1,1,1,1,1,1,1
PF1024,1,1,1,1,1,1,1,1,1,1
